Id,Rcvr,HasSig
1.23456789E8,1.23456789E8,true
7.0,7.0,false
